True Label,0,1,2
0,86.82634730538922,13.17365269461078,0.0
1,5.202312138728324,94.79768786127167,0.0
2,0.0,0.0,100.0
