True Label,0,1,2
0,85.8974358974359,14.102564102564102,0.0
1,7.471264367816093,92.52873563218391,0.0
2,0.0,0.0,100.0
