True Label,0,1,2
0,92.85714285714286,7.142857142857142,0.0
1,6.358381502890173,93.64161849710982,0.0
2,0.0,0.0,100.0
